{"cameraMode":{"drawMode":0,"name":"Shaded","section":"Shading Mode"},"sceneLighting":false,"audioPlay":false,"sceneViewState":{"showFog":true,"showMaterialUpdate":false,"showSkybox":false,"showFlares":true,"showImageEffects":true,"showParticleSystems":true},"in2DMode":false,"pivot":{"x":-15.577653884887696,"y":15.270722389221192,"z":-8.0693941116333},"rotation":{"x":-0.026236126199364663,"y":0.9660871028900147,"z":-0.10794316977262497,"w":-0.2333352267742157},"size":57.97860336303711,"orthographic":false}